<?xml version="1.0" encoding="UTF-8"?>
<!DOCTYPE mapper PUBLIC "-//mybatis.org//DTD Mapper 3.0//EN" "http://mybatis.org/dtd/mybatis-3-mapper.dtd">
<mapper namespace="egovframework.example.sample.service.TestMapper">
	<resultMap id="test" type="egovframework.example.sample.vo.TestVo">
		<result property="id" column="id"/>
		<result property="name" column="name"/>
		<result property="description" column="description"/>
		<result property="use_yn" column="use_yn"/>
		<result property="reg_user" column="reg_user"/>
		<result property="fileName" column="fileName"/>
	</resultMap>
	<select id="selectTestList" resultType="egovframework.example.sample.vo.TestVo">
			SELECT * FROM board.SAMPLE
			ORDER BY ID DESC
	</select>
	
	<select id="selectTest" resultType="egovframework.example.sample.vo.TestVo">
			SELECT * FROM SAMPLE
			WHERE ID=#{id}
	</select>
	
	<select id="countTest" resultType="Integer">
        SELECT count(*)
        FROM board.SAMPLE
        <where>
            <if test="search != null and search != ''">
                NAME LIKE CONCAT('%', #{search}, '%') OR DESCRIPTION LIKE CONCAT('%', #{search}, '%')
            </if>
        </where>
    </select>
	
	
	<insert id="addTest" parameterType="egovframework.example.sample.vo.TestVo">

			INSERT INTO board.SAMPLE
				( NAME
				  , DESCRIPTION
				  , USE_YN
				  , REG_USER 
				  , FILENAME)
			VALUES ( #{name}
				  , #{description}
				  , #{use_yn}
				  , #{reg_user}
				  , #{fileName} )

	</insert>
	<update id="updateTest">
			UPDATE board.SAMPLE
			SET  NAME=#{name}
				, DESCRIPTION=#{description}
				, USE_YN=#{use_yn}
				, FILENAME=#{fileName}
				  WHERE ID=#{id}

	</update>
	<update id="deleteTest">
			DELETE FROM board.SAMPLE
			WHERE  id=#{id}
	</update>
	<select id="searchTest" resultMap="test" parameterType="egovframework.example.sample.vo.TestVo">
		SELECT * FROM board.SAMPLE
		WHERE NAME LIKE CONCAT('%', #{search}, '%') OR DESCRIPTION LIKE CONCAT('%', #{search}, '%')
			ORDER BY ID 
	</select>
</mapper>