<?xml version="1.0" encoding="UTF-8"?>
<!DOCTYPE mapper PUBLIC "-//mybatis.org//DTD Mapper 3.0//EN" "http://mybatis.org/dtd/mybatis-3-mapper.dtd">
<mapper namespace="egovframework.example.sample.service.UserMapper">
	<select id="login" resultType="egovframework.example.sample.vo.UserVo">
		SELECT * 
		 FROM board.user
		WHERE userEmail=#{userEmail} 
		 AND userPwd=#{userPwd}
	</select>
	
	<insert id="signup" parameterType="egovframework.example.sample.vo.UserVo">
		INSERT INTO board.user 
			( userEmail,	userPwd	
			) 
		VALUES (
			#{userEmail}, #{userPwd}
			)
	</insert>
	<delete id="signout" parameterType="egovframework.example.sample.vo.UserVo">
		DELETE FROM board.user 
			WHERE userEmail=#{userEmail}
	</delete>
	
	<select id="findPwd" resultType="egovframework.example.sample.vo.UserVo">
		SELECT * FROM board.user
			WHERE userEmail=#{userEmail}
	</select>
	<update id="updateUser" parameterType="egovframework.example.sample.vo.UserVo">
		UPDATE board.USER
			SET  userEmail=#{userEmail}, userPwd=#{userPwd}
				  WHERE userEmail=#{userEmail}
	</update>
</mapper>