<?xml version="1.0" encoding="UTF-8"?>
<beans xmlns="http://www.springframework.org/schema/beans" xmlns:xsi="http://www.w3.org/2001/XMLSchema-instance"
	xsi:schemaLocation="http://www.springframework.org/schema/beans http://www.springframework.org/schema/beans/spring-beans-3.2.xsd">

	<!-- SqlMap setup for iBATIS Database Layer -->
<!-- 	<bean id="sqlMapClient" class="egovframework.rte.psl.orm.ibatis.SqlMapClientFactoryBean">
		<property name="configLocation" value="classpath:/egovframework/sqlmap/example/sql-map-config.xml"/>
		<property name="dataSource" ref="dataSource"/>
	</bean> -->
    <bean id="sqlSessionFactory" class="org.mybatis.spring.SqlSessionFactoryBean">
        <!-- DB 접속 설정 -->
        <property name="dataSource" ref="dataSource" />
        <!-- myBatis 기본 설정 -->
        <property name="configLocation" value="classpath:/egovframework/sqlmap/example/sql-mapper-config.xml" />
        <!-- query가 있는 xml 위치 -->
        <property name="mapperLocations" value="classpath:/egovframework/sqlmap/example/mappers/**/*.xml" />
    </bean>
    
    <bean id="sqlSession" class="org.mybatis.spring.SqlSessionTemplate">
        <constructor-arg name="sqlSessionFactory" ref="sqlSessionFactory"></constructor-arg>
    </bean>


	<!-- MapperConfigurer setup for MyBatis Database Layer with @Mapper("deptMapper") in DeptMapper Interface -->
 	<bean class="egovframework.rte.psl.dataaccess.mapper.MapperConfigurer">
		<property name="basePackage" value="egovframework" />
	</bean>
</beans>
